MFR URL,Ref URL 1,Ref URL 2,Ref URL 3,Ref URL 4,Ref URL 5,PART_NUMBER,Dept,Class,Fine,SKU - MY_PART_NUMBER,Mfg_Part_Num,Part_Desc,E1_Brand,Unilog_Brand,DIB_Brand,Part_Manuf,MANUFACTURER_NAME,BRAND_NAME,TRADE_NAME,MANUFACTURER_PART_NUMBER,ALTERNATE_PART_NUMBER,Classpath,MOBILE_DESC,INVOICE_DESC,SHORT_DESC,LONG_DESC1,RETAIL_DESC,MARKETING_DESCRIPTION,ITEM_FEATURES_1,ITEM_FEATURES_2,ITEM_FEATURES_3,ITEM_FEATURES_4,ITEM_FEATURES_5,ITEM_FEATURES_6,ITEM_FEATURES_7,ITEM_FEATURES_8,ITEM_FEATURES_9,ITEM_FEATURES_10,ITEM_FEATURES_11,ITEM_FEATURES_12,ITEM_FEATURES_13,ITEM_FEATURES_14,ITEM_FEATURES_15,ITEM_FEATURES_16,ITEM_FEATURES_17,ITEM_FEATURES_18,ITEM_FEATURES_19,ITEM_FEATURES_20,With,Standard/Approvals,Prop 65,Application,Includes,Product Name,ATTRIBUTE_LABEL 1,ATTRIBUTE_VALUE 1,ATTRIBUTE_UOM 1,ATTRIBUTE_LABEL 2,ATTRIBUTE_VALUE 2,ATTRIBUTE_UOM 2,ATTRIBUTE_LABEL 3,ATTRIBUTE_VALUE 3,ATTRIBUTE_UOM 3,ATTRIBUTE_LABEL 4,ATTRIBUTE_VALUE 4,ATTRIBUTE_UOM 4,ATTRIBUTE_LABEL 5,ATTRIBUTE_VALUE 5,ATTRIBUTE_UOM 5,ATTRIBUTE_LABEL 6,ATTRIBUTE_VALUE 6,ATTRIBUTE_UOM 6,ATTRIBUTE_LABEL 7,ATTRIBUTE_VALUE 7,ATTRIBUTE_UOM 7,ATTRIBUTE_LABEL 8,ATTRIBUTE_VALUE 8,ATTRIBUTE_UOM 8,ATTRIBUTE_LABEL 9,ATTRIBUTE_VALUE 9,ATTRIBUTE_UOM 9,ATTRIBUTE_LABEL 10,ATTRIBUTE_VALUE 10,ATTRIBUTE_UOM 10,ATTRIBUTE_LABEL 11,ATTRIBUTE_VALUE 11,ATTRIBUTE_UOM 11,ATTRIBUTE_LABEL 12,ATTRIBUTE_VALUE 12,ATTRIBUTE_UOM 12,ATTRIBUTE_LABEL 13,ATTRIBUTE_VALUE 13,ATTRIBUTE_UOM 13,ATTRIBUTE_LABEL 14,ATTRIBUTE_VALUE 14,ATTRIBUTE_UOM 14,ATTRIBUTE_LABEL 15,ATTRIBUTE_VALUE 15,ATTRIBUTE_UOM 15,ATTRIBUTE_LABEL 16,ATTRIBUTE_VALUE 16,ATTRIBUTE_UOM 16,ATTRIBUTE_LABEL 17,ATTRIBUTE_VALUE 17,ATTRIBUTE_UOM 17,ATTRIBUTE_LABEL 18,ATTRIBUTE_VALUE 18,ATTRIBUTE_UOM 18,ATTRIBUTE_LABEL 19,ATTRIBUTE_VALUE 19,ATTRIBUTE_UOM 19,ATTRIBUTE_LABEL 20,ATTRIBUTE_VALUE 20,ATTRIBUTE_UOM 20,ATTRIBUTE_LABEL 21,ATTRIBUTE_VALUE 21,ATTRIBUTE_UOM 21,ATTRIBUTE_LABEL 22,ATTRIBUTE_VALUE 22,ATTRIBUTE_UOM 22,ATTRIBUTE_LABEL 23,ATTRIBUTE_VALUE 23,ATTRIBUTE_UOM 23,ATTRIBUTE_LABEL 24,ATTRIBUTE_VALUE 24,ATTRIBUTE_UOM 24,ATTRIBUTE_LABEL 25,ATTRIBUTE_VALUE 25,ATTRIBUTE_UOM 25,ATTRIBUTE_LABEL 26,ATTRIBUTE_VALUE 26,ATTRIBUTE_UOM 26,ATTRIBUTE_LABEL 27,ATTRIBUTE_VALUE 27,ATTRIBUTE_UOM 27,ATTRIBUTE_LABEL 28,ATTRIBUTE_VALUE 28,ATTRIBUTE_UOM 28,ATTRIBUTE_LABEL 29,ATTRIBUTE_VALUE 29,ATTRIBUTE_UOM 29,ATTRIBUTE_LABEL 30,ATTRIBUTE_VALUE 30,ATTRIBUTE_UOM 30,ATTRIBUTE_LABEL 31,ATTRIBUTE_VALUE 31,ATTRIBUTE_UOM 31,ATTRIBUTE_LABEL 32,ATTRIBUTE_VALUE 32,ATTRIBUTE_UOM 32,ATTRIBUTE_LABEL 33,ATTRIBUTE_VALUE 33,ATTRIBUTE_UOM 33,ATTRIBUTE_LABEL 34,ATTRIBUTE_VALUE 34,ATTRIBUTE_UOM 34,ATTRIBUTE_LABEL 35,ATTRIBUTE_VALUE 35,ATTRIBUTE_UOM 35,ATTRIBUTE_LABEL 36,ATTRIBUTE_VALUE 36,ATTRIBUTE_UOM 36,ATTRIBUTE_LABEL 37,ATTRIBUTE_VALUE 37,ATTRIBUTE_UOM 37,ATTRIBUTE_LABEL 38,ATTRIBUTE_VALUE 38,ATTRIBUTE_UOM 38,ATTRIBUTE_LABEL 39,ATTRIBUTE_VALUE 39,ATTRIBUTE_UOM 39,ATTRIBUTE_LABEL 40,ATTRIBUTE_VALUE 40,ATTRIBUTE_UOM 40,ATTRIBUTE_LABEL 41,ATTRIBUTE_VALUE 41,ATTRIBUTE_UOM 41,ATTRIBUTE_LABEL 42,ATTRIBUTE_VALUE 42,ATTRIBUTE_UOM 42,ATTRIBUTE_LABEL 43,ATTRIBUTE_VALUE 43,ATTRIBUTE_UOM 43,ATTRIBUTE_LABEL 44,ATTRIBUTE_VALUE 44,ATTRIBUTE_UOM 44,ATTRIBUTE_LABEL 45,ATTRIBUTE_VALUE 45,ATTRIBUTE_UOM 45,ATTRIBUTE_LABEL 46,ATTRIBUTE_VALUE 46,ATTRIBUTE_UOM 46,ATTRIBUTE_LABEL 47,ATTRIBUTE_VALUE 47,ATTRIBUTE_UOM 47,ATTRIBUTE_LABEL 48,ATTRIBUTE_VALUE 48,ATTRIBUTE_UOM 48,ATTRIBUTE_LABEL 49,ATTRIBUTE_VALUE 49,ATTRIBUTE_UOM 49,ATTRIBUTE_LABEL 50,ATTRIBUTE_VALUE 50,ATTRIBUTE_UOM 50,UPC,EAN,GTIN,UNSPSC,Warranty,List Price,Selling Qty,Selling UOM,Standard Packaging Information,LENGTH,LENGTH_UOM,HEIGHT,HEIGHT_UOM,WIDTH,WIDTH_UOM,WEIGHT,WEIGHT_UOM,VOLUME,VOLUME_UOM,Product Image,Alternate Image 1,Alternate Image 2,Alternate Image 3,Alternate Image 4,SDS,SDS_1,Warranty Information,Catalog,Specification Sheet,Instruction/Installation Manual,Service Manual,Owners/User Manual,Line Drawing,MTR,RoHS,Full Engineering Drawing,Energy Star Guide,Technical Bulletin,Submittal,Compatibility Chart,Size Chart,Product Label/Insert,Video Link,Video Link 1,Country Of Origin,Discontinued,Actual Image (Yes/No)
https://diablotools.com/products/DCB518ASTS06G,,,,,,54244997,Tools & Hardware,Abrasives & Sanding,Sanding Belts & Discs,DCB518ASTS06G,DCB518ASTS06G,"DCB518ASTS06G Diablo 1/2""x18"" - Sanding Belt 6pc",-- Unbranded --,-- No Unilog Brand --,-- No DIB Brand --,Freud Inc (2435),Freud Inc,Diablo®,,DCB518ASTS06G,,Tools & Hardware>Abrasives & Sanding>Sanding Belts & Discs,"Diablo DCB518ASTS06G Sanding Belt, 1/2 in W, 18 in L","Diablo DCB518ASTS06G Sanding Belt, 1/2 in W, 18 in L, 50, 80, 120 Grit","DCB518ASTS06G Diablo 1/2""x18"" - Sanding Belt 6pc","Freud/Diablo DCB518ASTS06G Assorted Pack includes: (2) 50-Grit/Coarse grit sanding belts for surface leveling and heavy stock/paint removal, (2) 80-Grit/Medium grit sanding belts for moderate stock removal, and (2) 120-Grit/Fine grit sanding belts for final sanding Premium aluminum oxide blend for fast material removal and extra-long sanding life","Featuring a premium aluminum oxide blend, these belts remove material faster than other sanding belts and offer an extra-long sanding life.","Designed for moderate and heavy-duty sanding tasks in all your construction projects, delivering professional-grade results every time.",Built with a premium aluminum oxide blend that removes material faster and offers an extra-long sanding life.,Product type: Sanding Belt,Designed for moderate and heavy-duty sanding tasks in construction projects.,Diablo product line,,,,,,,,,"Includes specific belt grit ratings of 50-Grit (Coarse), 80-Grit (Medium), and 120-Grit (Fine).",Delivers professional-grade results for detail file sanding applications.,Equipped with a stearate coating to enhance sanding efficiency.,,,,,,,,,moderate and heavy-duty sanding tasks in all your construction projects,"(2) 50-Grit/Coarse grit sanding belts for surface leveling and heavy stock/paint removal, (2) 80-Grit/Medium grit sanding belts for moderate stock removal, and (2) 120-Grit/Fine grit sanding belts for final sanding","DCB518ASTS06G Diablo 1/2""x18"" - Sanding Belt 6pc",Width,1/2,in,Length,18,in,Grit,"50, 80, 120",,Grit Grade,"Coarse, Fine, Medium",,Abrasive Material,Zirconium,,Package Quantity,6,,,,,,,,,,,,,,,,,,,,,,,,,,,,,,,,,,,,,,,,,,,,,,,,,,,,,,,,,,,,,,,,,,,,,,,,,,,,,,,,,,,,,,,,,,,,,,,,,,,,,,,,,,,,,,,,,,,,,,,,,,,,,,,,,,,,,,010000000000,,,31191500,,24.99,1,EA,,18,in,,in,1/2,in,,lbs,,,https://www.bitsdrill.com/wp-content/uploads/2026/3/1773692883/diablo-dcb518asts06g-1-2-in-x-18-in-detail-file-sanding-belt-assorted-pack-6-pack-1773692888.webp,,,,,,,,,https://www.analog.com/media/en/technical-documentation/data-sheets/24351fc.pdf,,,,,,,,,,,,,,,,,No,Yes
,,,,,,75674252,Tools & Hardware,Abrasives & Sanding,Sanding Belts & Discs,3MABR-7100075678,3MABR-7100075678,3M 775L Stikit Film P150 - Cubitron II 50 Disc/Box,-- Unbranded --,-- No Unilog Brand --,-- No DIB Brand --,Jam Industrial Supply LLC (JAMIN),3M,3M®,,3MABR-7100075678,,Tools & Hardware>Abrasives & Sanding>Sanding Belts & Discs,"3M 3M®, 3M 775L Stikit Film P150 - Cubitron II 50 Disc/Box, 3MABR-7100075678",3M 3M 775L STIKIT FILM P150 - CUBITRON I,"3M 775L Stikit Film P150 Cubitron II abrasive discs, supplied as 50 discs per box.","3M 775L Stikit Film P150 Cubitron II abrasive discs, supplied as 50 discs per box.","3M 775L Stikit Film P150 Cubitron II abrasive discs, supplied as 50 discs per box.","3M 775L Stikit Film P150 Cubitron II abrasive discs, supplied as 50 discs per box.",,,,,,,,,,,,,,,,,,,,,,,,,,3M 775L Stikit Film P150 - Cubitron II 50 Disc/Box,,,,,,,,,,,,,,,,,,,,,,,,,,,,,,,,,,,,,,,,,,,,,,,,,,,,,,,,,,,,,,,,,,,,,,,,,,,,,,,,,,,,,,,,,,,,,,,,,,,,,,,,,,,,,,,,,,,,,,,,,,,,,,,,,,,,,,,,,,,,,,,,,,,,,,,010000000000,,,31191500,,24.99,1,EA,,,in,,in,,in,,lbs,,,https://assets.testequity.com/te1/product-images/medium/3m-31180_7100075678_dv_webxl.jpg,,,,,,,,,https://cobic-ex.com/wp-content/uploads/2024/02/Sammode-Jamin-Datasheet.pdf,,,,,,,,,,,,,,,,,No,Yes
,,,,,,35656708,Tools & Hardware,Abrasives & Sanding,Sanding Belts & Discs,3MABR-7100045865,3MABR-7100045865,3M 775L Stikit Film P120 - Cubitron II 50 Disc/Box,-- Unbranded --,-- No Unilog Brand --,-- No DIB Brand --,Jam Industrial Supply LLC (JAMIN),3M,3M®,,3MABR-7100045865,,Tools & Hardware>Abrasives & Sanding>Sanding Belts & Discs,"3M 3M®, 3M 775L Stikit Film P120 - Cubitron II 50 Disc/Box, 3MABR-7100045865",3M 3M 775L STIKIT FILM P120 - CUBITRON I,3M 775L Stikit Film P120 - Cubitron II 50 Disc/Box.,3M 775L Stikit Film P120 - Cubitron II 50 Disc/Box.,3M 775L Stikit Film P120 - Cubitron II 50 Disc/Box.,3M 775L Stikit Film P120 - Cubitron II 50 Disc/Box.,3M 775L Stikit film backing,P120 grit specification,Utilizes Cubitron II abrasive technology,Packaged with 50 discs per box,Manufacturer part number 3MABR-7100045865,,,,,,Part manufacturer designated as Jam Industrial Supply LLC (JAMIN),,775L series product designation,,,,,,,,,,,,,3M 775L Stikit Film P120 - Cubitron II 50 Disc/Box,Grit Grade,P120,,Abrasive Material,Cubitron II,,Package Quantity,50,Disc/Box,Series,775L,,Attachment Type,Stikit,,Backing Material,Film,,,,,,,,,,,,,,,,,,,,,,,,,,,,,,,,,,,,,,,,,,,,,,,,,,,,,,,,,,,,,,,,,,,,,,,,,,,,,,,,,,,,,,,,,,,,,,,,,,,,,,,,,,,,,,,,,,,,,,,,,,,,,,,,,,,,,,010000000000,,,31191500,,24.99,1,EA,,,in,,in,,in,,lbs,,,https://cdn11.bigcommerce.com/s-mzpq4daxph/images/stencil/1280x1280/products/373224/723198/7100045865__59567.1690890554.jpg?c=2,,,,,,,,,https://www.solarelectricsupply.com/media/sparsh/product_attachment/JAM54S31_380-405_Data_Sheet_compressed.pdf,,,,,,,,,,,,,,,,,No,Yes
,,,,,,55916098,Tools & Hardware,Abrasives & Sanding,Sanding Belts & Discs,3MABR-7100048736,3MABR-7100048736,3M 775L Stikit Film P80 - Cubitron II 50 Disc/Box,-- Unbranded --,-- No Unilog Brand --,-- No DIB Brand --,Jam Industrial Supply LLC (JAMIN),3M,3M®,,3MABR-7100048736,,Tools & Hardware>Abrasives & Sanding>Sanding Belts & Discs,"3M 3M®, 3M 775L Stikit Film P80 - Cubitron II 50 Disc/Box, 3MABR-7100048736",3M 775L Stikit Film P80 Cubitron II 50/Box,"3M 775L Stikit Film P80 Cubitron II abrasive discs, supplied 50 discs per box.","3M 775L Stikit Film P80 Cubitron II abrasive discs, supplied 50 discs per box.","3M 775L Stikit Film P80 Cubitron II abrasive discs, supplied 50 discs per box.","3M 775L Stikit Film P80 Cubitron II abrasive discs, supplied 50 discs per box.",,Features Cubitron II abrasive grain technology,Stikit film backing,50 discs per box,3M 775L series disc,,,,,,,Manufacturer Part Number: 3MABR-7100048736,,,,,,,,,,,,,,3M 775L Stikit Film P80 - Cubitron II 50 Disc/Box,Package Quantity,50,Disc/Box,Backing Material,Film,,,,,,,,,,,,,,,,,,,,,,,,,,,,,,,,,,,,,,,,,,,,,,,,,,,,,,,,,,,,,,,,,,,,,,,,,,,,,,,,,,,,,,,,,,,,,,,,,,,,,,,,,,,,,,,,,,,,,,,,,,,,,,,,,,,,,,,,,,,,,,,,,,010000000000,,,31191500,,24.99,1,EA,,,in,,in,,in,,lbs,,,https://www.jamindustrialsupply.com/wp-content/uploads/2019/11/jp-majors-jam-industrial-supply.jpg,,,,,,,,,https://assets.testequity.com/te1/Documents/pdf/3m/3M_7100048736_Safety-Data-Sheet.pdf,,,,,,,,,,,,,,,,,No,Yes
,,,,,,28999159,Tools & Hardware,Abrasives & Sanding,Sanding Belts & Discs,3MABR-7100075690,3MABR-7100075690,3M 775L Stikit Film P180 - Cubitron II 50 Disc/Box,-- Unbranded --,-- No Unilog Brand --,-- No DIB Brand --,Jam Industrial Supply LLC (JAMIN),3M,3M®,,3MABR-7100075690,,Tools & Hardware>Abrasives & Sanding>Sanding Belts & Discs,"3M 3M®, 3M 775L Stikit Film P180 - Cubitron II 50 Disc/Box, 3MABR-7100075690",3M 3M 775L STIKIT FILM P180 - CUBITRON I,3M 775L Stikit Film P180 - Cubitron II (50 Disc/Box).,3M 775L Stikit Film P180 - Cubitron II (50 Disc/Box).,3M 775L Stikit Film P180 - Cubitron II (50 Disc/Box).,3M 775L Stikit Film P180 - Cubitron II (50 Disc/Box).,3M 775L series film abrasive disc,Stikit film backing system,P180 grit rating,Cubitron II abrasive technology,Package quantity of 50 discs per box,,,,,,Manufacturer part number 3MABR-7100075690,Manufactured/supplied by Jam Industrial Supply LLC,,,,,,,,,,,,,,3M 775L Stikit Film P180 - Cubitron II 50 Disc/Box,Series,775L,,Attachment Type,Stikit,,Backing Material,Film,,Grit,P180,,Product Line,Cubitron II,,Package Quantity,50,Disc/Box,,,,,,,,,,,,,,,,,,,,,,,,,,,,,,,,,,,,,,,,,,,,,,,,,,,,,,,,,,,,,,,,,,,,,,,,,,,,,,,,,,,,,,,,,,,,,,,,,,,,,,,,,,,,,,,,,,,,,,,,,,,,,,,,,,,,,010000000000,,,31191500,,24.99,1,EA,,,in,,in,,in,,lbs,,,https://lightingsupply.com/cdn/shop/files/3m-cubitron-ii-stikit-film-disc-775l-5-in-x-nh_dc33dfa9-9db6-4a15-a893-02506379c7e3_1200x879.jpg?v=1693364893,,,,,,,,,https://susacdn.azureedge.net/specsheets/3M/7000145569.pdf,,,,,,,,,,,,,,,,,No,Yes
,,,,,,78412931,Tools & Hardware,Abrasives & Sanding,Sanding Belts & Discs,DCB520ASTS08G,DCB520ASTS08G,"DCB520ASTS08G Diablo 1/2""x24"" - Sanding Belt 8pc P80 Grit",-- Unbranded --,-- No Unilog Brand --,-- No DIB Brand --,Freud Inc (2435),Freud Inc,Diablo®,,DCB520ASTS08G,,Tools & Hardware>Abrasives & Sanding>Sanding Belts & Discs,"Freud Inc Diablo®, DCB520ASTS08G Diablo 1/2""x24"" - Sanding Belt 8pc P80 Grit, DC","DIABLO DCB520ASTS08G DIABLO 1/2""X24"" - S","DCB520ASTS08G Diablo 1/2""x24"" - Sanding Belt 8pc P80 Grit","DCB520ASTS08G Diablo 1/2""x24"" - Sanding Belt 8pc P80 Grit",,,,,,,,,,,,,,,,,,,,,,,,,,,,"DCB520ASTS08G Diablo 1/2""x24"" - Sanding Belt 8pc P80 Grit",Grit,P80,,,,,,,,,,,,,,,,,,,,,,,,,,,,,,,,,,,,,,,,,,,,,,,,,,,,,,,,,,,,,,,,,,,,,,,,,,,,,,,,,,,,,,,,,,,,,,,,,,,,,,,,,,,,,,,,,,,,,,,,,,,,,,,,,,,,,,,,,,,,,,,,,,,,,010000000000,,,31191500,,24.99,1,EA,,,in,,in,,in,,lbs,,,https://images.familyhardware.com/products/LU5C1270.png,,,,,,,,,,,,,,,,,,,,,,,,,,No,Yes
,,,,,,29182581,Tools & Hardware,Abrasives & Sanding,Sanding Belts & Discs,3MABR-7100075692,3MABR-7100075692,3M 775L Stikit Film P220 - Cubitron II 50 Disc/Box,-- Unbranded --,-- No Unilog Brand --,-- No DIB Brand --,Jam Industrial Supply LLC (JAMIN),3M,3M®,,3MABR-7100075692,,Tools & Hardware>Abrasives & Sanding>Sanding Belts & Discs,"3M 3M®, 3M 775L Stikit Film P220 - Cubitron II 50 Disc/Box, 3MABR-7100075692",3M 3M 775L STIKIT FILM P220 - CUBITRON I,"3M 775L Stikit Film P220 Cubitron II, packaged 50 discs per box.","3M 775L Stikit Film P220 Cubitron II, packaged 50 discs per box.","3M 775L Stikit Film P220 Cubitron II, packaged 50 discs per box.","3M 775L Stikit Film P220 Cubitron II, packaged 50 discs per box.",Features 3M Cubitron II abrasive technology,P220 grit rating,50 discs per box package quantity,Stikit film backing design,3M 775L series disc model,,,,,,,,,,,,,,,,,,,,,3M 775L Stikit Film P220 - Cubitron II 50 Disc/Box,Grit Grade,P220,,Backing Material,Film,,Package Quantity,50,Disc/Box,,,,,,,,,,,,,,,,,,,,,,,,,,,,,,,,,,,,,,,,,,,,,,,,,,,,,,,,,,,,,,,,,,,,,,,,,,,,,,,,,,,,,,,,,,,,,,,,,,,,,,,,,,,,,,,,,,,,,,,,,,,,,,,,,,,,,,,,,,,,,,010000000000,,,31191500,,24.99,1,EA,,,in,,in,,in,,lbs,,,https://assets.testequity.com/te1/product-images/medium/3m-31180_7100075692_dv_webxl.jpg,,,,,,,,,https://cobic-ex.com/wp-content/uploads/2024/02/Sammode-Jamin-Datasheet.pdf,,,,,,,,,,,,,,,,,No,Yes
,,,,,,39946862,Tools & Hardware,Abrasives & Sanding,Sanding Belts & Discs,3MABR-7100075700,3MABR-7100075700,3M 775L Stikit Film P240 - Cubitron II 50 Disc/Box,-- Unbranded --,-- No Unilog Brand --,-- No DIB Brand --,Jam Industrial Supply LLC (JAMIN),3M,3M®,,3MABR-7100075700,,Tools & Hardware>Abrasives & Sanding>Sanding Belts & Discs,"3M 3M®, 3M 775L Stikit Film P240 - Cubitron II 50 Disc/Box, 3MABR-7100075700",3M 3M 775L STIKIT FILM P240 - CUBITRON I,3M 775L Stikit Film P240 - Cubitron II 50 Disc/Box,3M 775L Stikit Film P240 - Cubitron II 50 Disc/Box,,,,,,,,,,,,,,,,,,,,,,,,,,,,3M 775L Stikit Film P240 - Cubitron II 50 Disc/Box,,,,,,,,,,,,,,,,,,,,,,,,,,,,,,,,,,,,,,,,,,,,,,,,,,,,,,,,,,,,,,,,,,,,,,,,,,,,,,,,,,,,,,,,,,,,,,,,,,,,,,,,,,,,,,,,,,,,,,,,,,,,,,,,,,,,,,,,,,,,,,,,,,,,,,,010000000000,,,31191500,,24.99,1,EA,,,in,,in,,in,,lbs,,,https://www.jamindustrialsupply.com/wp-content/uploads/2025/05/3m_finesse_it_robotic_paint_repair_system_61-768x530.jpg,,,,,,,,,https://cobic-ex.com/wp-content/uploads/2024/02/Sammode-Jamin-Datasheet.pdf,,,,,,,,,,,,,,,,,No,Yes
,,,,,,88113819,Industrial & Commercial,Equipment & Supplies,General Industrial,GF87397,GF87397,WIRE NUT RED 22-8AWG,nan,Permatex Corp,-- No DIB Brand --,,Industrial Manufacturer,Industrial Brand,,GF87397,,Industrial & Commercial>Equipment & Supplies>General Industrial,"Industrial Manufacturer Industrial Brand, WIRE NUT RED 22-8AWG, GF87397",INDUSTRIAL BRAND WIRE NUT RED 22-8AWG GF,Permatex Corp red wire nut connector designed for 22-8 AWG wire range.,Permatex Corp red wire nut connector designed for 22-8 AWG wire range.,Permatex Corp red wire nut connector designed for 22-8 AWG wire range.,Permatex Corp red wire nut connector designed for 22-8 AWG wire range.,,Accommodates 22-8 AWG wire sizes,Wire nut connector design,Manufactured by Permatex Corp,,,,,,,,,,,,,,,,,,,,,,WIRE NUT RED 22-8AWG,Wire Size Range,22-8,AWG,,,,,,,,,,,,,,,,,,,,,,,,,,,,,,,,,,,,,,,,,,,,,,,,,,,,,,,,,,,,,,,,,,,,,,,,,,,,,,,,,,,,,,,,,,,,,,,,,,,,,,,,,,,,,,,,,,,,,,,,,,,,,,,,,,,,,,,,,,,,,,,,,,,,010000000000,,,31191500,,24.99,1,EA,,,in,,in,,in,,lbs,,,https://www.industrial-supply-center.com/wp-content/uploads/2024/09/21/NEW-KEYENCE-OP-87397-CABLE-0P87397-191557010705.jpg,,,,,,,,,http://pragatiplastics.com/docs/Virgin%20PTFE.pdf,,,,,,,,,,,,,,,,,No,Yes
,,,,,,52145188,Tools & Hardware,Abrasives & Sanding,Sanding Belts & Discs,3MABR-7100145365,3MABR-7100145365,3M 775L Stikit Film P320 - Cubitron II 50 Disc/Box,-- Unbranded --,-- No Unilog Brand --,-- No DIB Brand --,Jam Industrial Supply LLC (JAMIN),3M,3M®,,3MABR-7100145365,,Tools & Hardware>Abrasives & Sanding>Sanding Belts & Discs,"3M 3M®, 3M 775L Stikit Film P320 - Cubitron II 50 Disc/Box, 3MABR-7100145365",3M 3M 775L STIKIT FILM P320 - CUBITRON I,3M 775L Stikit Film P320 - Cubitron II 50 Disc/Box,3M 775L Stikit Film P320 - Cubitron II 50 Disc/Box,,,Cubitron II abrasive technology,P320 grit grade,Stikit film backing,775L series disc,Packaged 50 discs per box,,,,,,,Manufacturer part number 3MABR-7100145365,Manufactured by Jam Industrial Supply LLC,,,,,,,,,,,,,3M 775L Stikit Film P320 - Cubitron II 50 Disc/Box,Grit Grade,P320,,Package Quantity,50,Disc/Box,,,,,,,,,,,,,,,,,,,,,,,,,,,,,,,,,,,,,,,,,,,,,,,,,,,,,,,,,,,,,,,,,,,,,,,,,,,,,,,,,,,,,,,,,,,,,,,,,,,,,,,,,,,,,,,,,,,,,,,,,,,,,,,,,,,,,,,,,,,,,,,,,010000000000,,,31191500,,24.99,1,EA,,,in,,in,,in,,lbs,,,https://multimedia.3m.com/mws/media/1050295J/3m-stikit-paper-disc-735u-with-tab-6-in-x-nh-p80-c-weight.jpg?width=1200,,,,,,,,,https://assets.testequity.com/te1/Documents/pdf/3m/3M_7100145365_Safety-Data-Sheet.pdf,,,,,,,,,,,,,,,,,No,Yes
,,,,,,64817921,Tools & Hardware,Abrasives & Sanding,Sanding Belts & Discs,5B-332-150,5B-332-150,"5B-332-150 HIOLIT 5"" P150 Hook-and-Loop Sanding Disc",-- Unbranded --,-- No Unilog Brand --,-- No DIB Brand --,Mirka Abrasives Inc (MIRUS),Mirka Abrasives Inc,Mirka Abrasives Inc®,,5B-332-150,,Tools & Hardware>Abrasives & Sanding>Sanding Belts & Discs,"Mirka Abrasives Inc Mirka Abrasives Inc®, 5B-332-150 HIOLIT 5"" P150 Hook-and-Loo","MIRKA ABRASIVES INC 5B-332-150 HIOLIT 5""","5B-332-150 HIOLIT 5"" P150 Hook-and-Loop Sanding Disc","5B-332-150 HIOLIT 5"" P150 Hook-and-Loop Sanding Disc",,,,,,,Manufactured by Mirka Abrasives Inc,,,,,,,,,,,,,,,,,,,,,"5B-332-150 HIOLIT 5"" P150 Hook-and-Loop Sanding Disc",,,,,,,,,,,,,,,,,,,,,,,,,,,,,,,,,,,,,,,,,,,,,,,,,,,,,,,,,,,,,,,,,,,,,,,,,,,,,,,,,,,,,,,,,,,,,,,,,,,,,,,,,,,,,,,,,,,,,,,,,,,,,,,,,,,,,,,,,,,,,,,,,,,,,,,010000000000,,,31191500,,24.99,1,EA,,,in,,in,,in,,lbs,,,https://www.acmetools.com/on/demandware.static/-/Sites-acme-catalog-m-en/default/dwe7acbc85/images/images/catalog/product/842028003218/mirka-gold-5-in-psa-disc-p150-23-332-150.jpg,,,,,,,,,https://cms.mirka.com/globalassets/msc/pdf/mirka-product-catalog-2022-low-res.pdf,,,,,,,,,,,,,,,,,No,Yes
,,,,,,71624222,Tools & Hardware,Abrasives & Sanding,Sanding Belts & Discs,5B-332-080,5B-332-080,"5B-332-080 HIOLIT 5"" P80",-- Unbranded --,-- No Unilog Brand --,-- No DIB Brand --,Mirka Abrasives Inc (MIRUS),Mirka Abrasives Inc,Mirka Abrasives Inc®,,5B-332-080,,Tools & Hardware>Abrasives & Sanding>Sanding Belts & Discs,"Mirka Abrasives Inc Mirka Abrasives Inc®, 5B-332-080 HIOLIT 5"" P80, 5B-332-080","MIRKA ABRASIVES INC 5B-332-080 HIOLIT 5""","5B-332-080 HIOLIT 5"" P80","5B-332-080 HIOLIT 5"" P80",,,,,HIOLIT series abrasive,,,,,,,,,,,,,,,,,,,,,,,"5B-332-080 HIOLIT 5"" P80",Series,HIOLIT,,,,,,,,,,,,,,,,,,,,,,,,,,,,,,,,,,,,,,,,,,,,,,,,,,,,,,,,,,,,,,,,,,,,,,,,,,,,,,,,,,,,,,,,,,,,,,,,,,,,,,,,,,,,,,,,,,,,,,,,,,,,,,,,,,,,,,,,,,,,,,,,,,,,,010000000000,,,31191500,,24.99,1,EA,,,in,,in,,in,,lbs,,,https://cdn11.bigcommerce.com/s-z0plx67muj/products/157370/images/326693/MIRKA_40332080__06027.1703786790.386.513.jpg?c=1,,,,,,,,,,,,,,,,,,,,,,,,,,No,Yes
,,,,,,70394799,Industrial & Commercial,Equipment & Supplies,General Industrial,AL354597,AL354597,duct tape foil 2inx50yd,EATON CORP,nan,-- No DIB Brand --,Eaton Corporation,Eaton Corporation,Eaton Corporation®,,AL354597,,Industrial & Commercial>Equipment & Supplies>General Industrial,"Eaton Corporation Eaton Corporation®, duct tape foil 2inx50yd, AL354597",EATON CORPORATION DUCT TAPE FOIL 2INX50Y,duct tape foil 2inx50yd,duct tape foil 2inx50yd,duct tape foil 2inx50yd,duct tape foil 2inx50yd,Foil duct tape construction,2 inches wide by 50 yards long,Manufactured by Eaton Corporation,,,,,,,,Manufacturer Part Number: AL354597,,,,,,,,,,,,,,,duct tape foil 2inx50yd,,,,,,,,,,,,,,,,,,,,,,,,,,,,,,,,,,,,,,,,,,,,,,,,,,,,,,,,,,,,,,,,,,,,,,,,,,,,,,,,,,,,,,,,,,,,,,,,,,,,,,,,,,,,,,,,,,,,,,,,,,,,,,,,,,,,,,,,,,,,,,,,,,,,,,,010000000000,,,31191500,,24.99,1,EA,,50,in,,in,2,in,,lbs,,,https://ce8dc832c.cloudimg.io/cdn/n/n@90870568798d8b8f99c3a65c62adf11e075b961c/_cs_/2023/06/6490580648f93/2000x1200.jpg,,,,,,,,,https://www.manualslib.com/manual/2890887/Eaton-C440-Xtoe.html,,,,,,,,,,,,,,,,,No,Yes
,,,,,,57632814,Plumbing & Hydraulics,"Pipes, Valves & Fittings",Pipe Couplings & Valves,GRF-CR15-3,GRF-CR15-3,"Grundfos CR 15-3 Vertical Multistage Centrifugal Pump, 15 m3/h, Stainless Steel",Grundfos,-- No Unilog Brand --,-- No DIB Brand --,Grundfos Pumps Corp (GRND),Grundfos Pumps Corp,Grundfos Pumps Corp®,,GRF-CR15-3,,"Plumbing & Hydraulics>Pipes, Valves & Fittings>Pipe Couplings & Valves","Grundfos Pumps Corp Grundfos Pumps Corp®, Grundfos CR 15-3 Vertical Multistage C",GRUNDFOS PUMPS CORP GRUNDFOS CR 15-3 VER,"Grundfos CR 15-3 Vertical Multistage Centrifugal Pump, 15 m3/h, Stainless Steel","Grundfos CR 15-3 Vertical Multistage Centrifugal Pump, 15 m3/h, Stainless Steel","Grundfos CR 15-3 Vertical Multistage Centrifugal Pump, 15 m3/h, Stainless Steel","Grundfos CR 15-3 Vertical Multistage Centrifugal Pump, 15 m3/h, Stainless Steel",Vertical multistage centrifugal pump design,15 m3/h flow rate capacity,Stainless steel construction,Manufactured by Grundfos Pumps Corp,Grundfos CR 15-3 model series,,,,,,,,,,,,,,,,,,,,,"Grundfos CR 15-3 Vertical Multistage Centrifugal Pump, 15 m3/h, Stainless Steel",,,,,,,,,,,,,,,,,,,,,,,,,,,,,,,,,,,,,,,,,,,,,,,,,,,,,,,,,,,,,,,,,,,,,,,,,,,,,,,,,,,,,,,,,,,,,,,,,,,,,,,,,,,,,,,,,,,,,,,,,,,,,,,,,,,,,,,,,,,,,,,,,,,,,,,010000000000,,,31191500,,24.99,1,EA,,,in,,in,,in,,lbs,,,https://down-id.img.susercontent.com/file/sg-11134201-7r9b7-lltb7z6hespc18,,,,,,,,,https://www.lenntech.com/uploads/grundfos/96501894/Grundfos_CR-15-3-A-F-A-E-HQQE.pdf,,,,,,,,,,,,,,,,,No,Yes
https://wespacindustrial.com/product/sandpaper-189/,,,,,,59879999,Tools & Hardware,Abrasives & Sanding,Sanding Belts & Discs,5B-332-120,5B-332-120,"5B-332-120 HIOLIT 5"" P120",-- Unbranded --,-- No Unilog Brand --,-- No DIB Brand --,Mirka Abrasives Inc (MIRUS),Mirka Abrasives Inc,Mirka Abrasives Inc®,,5B-332-120,,Tools & Hardware>Abrasives & Sanding>Sanding Belts & Discs,"Mirka Abrasives Inc Mirka Abrasives Inc®, 5B-332-120 HIOLIT 5"" P120, 5B-332-120","MIRKA ABRASIVES INC 5B-332-120 HIOLIT 5""","5B-332-120 HIOLIT 5"" P120","5B-332-120 HIOLIT 5"" P120",,,5 inch diameter,120 Grit abrasive,Cloth backing,PSA (Pressure Sensitive Adhesive) sanding disc,Packaged 50 per box,,,,,,,,,,,,,,,,,,,,,"5B-332-120 HIOLIT 5"" P120",,,,,,,,,,,,,,,,,,,,,,,,,,,,,,,,,,,,,,,,,,,,,,,,,,,,,,,,,,,,,,,,,,,,,,,,,,,,,,,,,,,,,,,,,,,,,,,,,,,,,,,,,,,,,,,,,,,,,,,,,,,,,,,,,,,,,,,,,,,,,,,,,,,,,,,010000000000,,,31191500,,24.99,1,EA,,,in,,in,,in,,lbs,,,https://wespacindustrial.com/wp-content/uploads/2019/09/56-332-060-2.jpg,,,,,,,,,https://cms.mirka.com/globalassets/msc/pdf/mirka-product-catalog-2022-low-res.pdf,,,,,,,,,,,,,,,,,No,Yes
,,,,,,88023085,Industrial & Commercial,Equipment & Supplies,General Industrial,HEX-M10-A2,HEX-M10-A2,"M10x1.5 Hex Bolt, Grade A2 Stainless Steel, 50mm Length, DIN 933",-- Unbranded --,-- No Unilog Brand --,-- No DIB Brand --,Bossard Fastener Co (BOSS),Bossard Fastener Co,Bossard Fastener Co®,,HEX-M10-A2,,Industrial & Commercial>Equipment & Supplies>General Industrial,"Bossard Fastener Co Bossard Fastener Co®, M10x1.5 Hex Bolt, Grade A2 Stainless S",M10x1.5 Grade A2 SS Hex Bolt 50mm DIN 933,"Bossard Fastener Co M10x1.5 hex bolt featuring Grade A2 stainless steel construction, a 50mm length, and DIN 933 standard compliance.","Bossard Fastener Co M10x1.5 hex bolt featuring Grade A2 stainless steel construction, a 50mm length, and DIN 933 standard compliance.","Bossard Fastener Co M10x1.5 hex bolt featuring Grade A2 stainless steel construction, a 50mm length, and DIN 933 standard compliance.","Bossard Fastener Co M10x1.5 hex bolt featuring Grade A2 stainless steel construction, a 50mm length, and DIN 933 standard compliance.",,,,,,,,,,,,,,,,,,,,,,,,,,"M10x1.5 Hex Bolt, Grade A2 Stainless Steel, 50mm Length, DIN 933",,,,,,,,,,,,,,,,,,,,,,,,,,,,,,,,,,,,,,,,,,,,,,,,,,,,,,,,,,,,,,,,,,,,,,,,,,,,,,,,,,,,,,,,,,,,,,,,,,,,,,,,,,,,,,,,,,,,,,,,,,,,,,,,,,,,,,,,,,,,,,,,,,,,,,,010000000000,,,31191500,,24.99,1,EA,,,in,,in,,in,,lbs,,,https://ce8dc832c.cloudimg.io/v7/_cdn_/54/45/61/00/0/1463365_1.jpg?width=640&height=480&wat=1&wat_url=_tme-wrk_%2Ftme_new.png&wat_scale=100p&ci_sign=38b62c9852567f4f07edd3ea2ed9aeb341182e1b,,,,,,,,,https://www.scribd.com/document/269752148/Bossard-Catalogue,,,,,,,,,,,,,,,,,No,Yes
,,,,,,83123064,Industrial & Commercial,Equipment & Supplies,General Industrial,0FU6925,0FU6925,DRILL  CRDLS  20V  1/2IN  BARE,Channellock,CHANNELLOCK INC,-- No DIB Brand --,,Industrial Manufacturer,Industrial Brand,,0FU6925,,Industrial & Commercial>Equipment & Supplies>General Industrial,"Industrial Manufacturer Industrial Brand, DRILL  CRDLS  20V  1/2IN  BARE, 0FU692",CHANNELLOCK DRILL CRDLS 20V 1/2IN BARE,Channellock 20V 1/2 in. cordless drill bare tool.,Channellock 20V 1/2 in. cordless drill bare tool.,Channellock 20V 1/2 in. cordless drill bare tool.,Channellock 20V 1/2 in. cordless drill bare tool.,,,,,,,,,,,,,,,,,,,,,,,,,,DRILL  CRDLS  20V  1/2IN  BARE,,,,,,,,,,,,,,,,,,,,,,,,,,,,,,,,,,,,,,,,,,,,,,,,,,,,,,,,,,,,,,,,,,,,,,,,,,,,,,,,,,,,,,,,,,,,,,,,,,,,,,,,,,,,,,,,,,,,,,,,,,,,,,,,,,,,,,,,,,,,,,,,,,,,,,,010000000000,,,31191500,,24.99,1,EA,,,in,,in,,in,,lbs,,,https://images.bike24.com/i/mb/99/0a/db/dare-2b-iced-1-4-zip-core-stretch-midlayer-women-0fu-egret-black--1-1919540.jpg,,,,,,,,,,,,,,,,,,,,,,,,,,No,Yes
,,,,,,89740844,Industrial & Commercial,Equipment & Supplies,General Industrial,TE-CONN-6P,TE-CONN-6P,"TE Connectivity 6-Pin Industrial Circular Connector, IP67 Rated, Panel Mount",TE Connectivity,-- No Unilog Brand --,-- No DIB Brand --,TE Connectivity Ltd (TECN),TE Connectivity Ltd,TE Connectivity Ltd®,,TE-CONN-6P,,Industrial & Commercial>Equipment & Supplies>General Industrial,"TE Connectivity Ltd TE Connectivity Ltd®, TE Connectivity 6-Pin Industrial Circu",TE CONNECTIVITY LTD TE CONNECTIVITY 6-PI,"TE Connectivity 6-Pin Industrial Circular Connector, IP67 Rated, Panel Mount","TE Connectivity 6-Pin Industrial Circular Connector, IP67 Rated, Panel Mount",,,,,,,,,,,,,,,,,,,,,,,,,,,,"TE Connectivity 6-Pin Industrial Circular Connector, IP67 Rated, Panel Mount",,,,,,,,,,,,,,,,,,,,,,,,,,,,,,,,,,,,,,,,,,,,,,,,,,,,,,,,,,,,,,,,,,,,,,,,,,,,,,,,,,,,,,,,,,,,,,,,,,,,,,,,,,,,,,,,,,,,,,,,,,,,,,,,,,,,,,,,,,,,,,,,,,,,,,,010000000000,,,31191500,,24.99,1,EA,,,in,,in,,in,,lbs,,,https://www.te.com/content/dam/te-com/catalog/part/215/548/096/2-1554809-6-t1.jpg/jcr:content/renditions/product-high-res.png,,,,,,,,,,,,,,,,,,,,,,,,,,No,Yes
,,,,,,60328421,Tools & Hardware,Abrasives & Sanding,Sanding Belts & Discs,YP97841,YP97841,BELT SAND 1-1/4X6IN 80GRIT,Eaton,-- No Unilog Brand --,EATON CORP,,Industrial Manufacturer,Industrial Brand,,YP97841,,Tools & Hardware>Abrasives & Sanding>Sanding Belts & Discs,"Industrial Manufacturer Industrial Brand, BELT SAND 1-1/4X6IN 80GRIT, YP97841",INDUSTRIAL BRAND BELT SAND 1-1/4X6IN 80G,BELT SAND 1-1/4X6IN 80GRIT,BELT SAND 1-1/4X6IN 80GRIT,,,,,,,,,,,,,,,,,,,,,,,,,,,,BELT SAND 1-1/4X6IN 80GRIT,,,,,,,,,,,,,,,,,,,,,,,,,,,,,,,,,,,,,,,,,,,,,,,,,,,,,,,,,,,,,,,,,,,,,,,,,,,,,,,,,,,,,,,,,,,,,,,,,,,,,,,,,,,,,,,,,,,,,,,,,,,,,,,,,,,,,,,,,,,,,,,,,,,,,,,010000000000,,,31191500,,24.99,1,EA,,,in,,in,,in,,lbs,,,https://printify.com/wp-content/uploads/2025/04/Set-up-a-product.png,,,,,,,,,,,,,,,,,,,,,,,,,,No,Yes
https://www.ultimatetoolsmart.com/product/mirka-abrasives-9a-570-240-abranet-30-x-2-75-240-grit-aluminum-oxide-mesh-grip-sanding-roll/,,,,,,54356932,Industrial & Commercial,Equipment & Supplies,General Industrial,9A-570-240,9A-570-240,9A-570-240 Abranet 2.75x30,-- Unbranded --,-- No Unilog Brand --,-- No DIB Brand --,Mirka Abrasives Inc (MIRUS),Mirka Abrasives Inc,Mirka Abrasives Inc®,,9A-570-240,,Industrial & Commercial>Equipment & Supplies>General Industrial,"Mirka Abrasives Inc Mirka Abrasives Inc®, 9A-570-240 Abranet 2.75x30, 9A-570-240",MIRKA ABRASIVES INC 9A-570-240 ABRANET 2,9A-570-240 Abranet 2.75x30,9A-570-240 Abranet 2.75x30,,,,,,,,,,,,,,,,,,,,,,,,,,,,9A-570-240 Abranet 2.75x30,,,,,,,,,,,,,,,,,,,,,,,,,,,,,,,,,,,,,,,,,,,,,,,,,,,,,,,,,,,,,,,,,,,,,,,,,,,,,,,,,,,,,,,,,,,,,,,,,,,,,,,,,,,,,,,,,,,,,,,,,,,,,,,,,,,,,,,,,,,,,,,,,,,,,,,010000000000,,,31191500,,24.99,1,EA,,,in,,in,,in,,lbs,,,https://images.toolsid.com/mirka-abrasives/items/9a-570-240.jpg,,,,,,,,,https://static.charlesmcmurray.com/publications/vendor/PDF/2025%20Mirka%20Product%20Catalog.pdf,,,,,,,,,,,,,,,,,No,Yes
,,,,,,52481675,Industrial & Commercial,Equipment & Supplies,General Industrial,UNK-000472,UNK-000472,UNK-000472,-- Unbranded --,-- No Unilog Brand --,-- No DIB Brand --,,Industrial Manufacturer,Industrial Brand,,UNK-000472,,Industrial & Commercial>Equipment & Supplies>General Industrial,"Industrial Manufacturer Industrial Brand, UNK-000472, UNK-000472",INDUSTRIAL BRAND UNK-000472 UNK-000472,UNK-000472,UNK-000472,,,,,,,,,,,,,,,,,,,,,,,,,,,,UNK-000472,,,,,,,,,,,,,,,,,,,,,,,,,,,,,,,,,,,,,,,,,,,,,,,,,,,,,,,,,,,,,,,,,,,,,,,,,,,,,,,,,,,,,,,,,,,,,,,,,,,,,,,,,,,,,,,,,,,,,,,,,,,,,,,,,,,,,,,,,,,,,,,,,,,,,,,010000000000,,,31191500,,24.99,1,EA,,,in,,in,,in,,lbs,,,https://8f08a8-ss.akinoncloudcdn.com/products/2026/05/20/76680178/349f6daa-91cd-4671-bcbc-4b0055eaa047.jpg,,,,,,,,,,,,,,,,,,,,,,,,,,No,Yes
,,,,,,36527156,Industrial & Commercial,Equipment & Supplies,General Industrial,CW145093,CW145093,REFRIG R410A 25LB CYL,Makita Corp,MAKITA USA,-- No DIB Brand --,,Industrial Manufacturer,Industrial Brand,,CW145093,,Industrial & Commercial>Equipment & Supplies>General Industrial,"Industrial Manufacturer Industrial Brand, REFRIG R410A 25LB CYL, CW145093",INDUSTRIAL BRAND REFRIG R410A 25LB CYL C,REFRIG R410A 25LB CYL,REFRIG R410A 25LB CYL,,,,,,,,,,,,,,,,,,,,,,,,,,,,REFRIG R410A 25LB CYL,,,,,,,,,,,,,,,,,,,,,,,,,,,,,,,,,,,,,,,,,,,,,,,,,,,,,,,,,,,,,,,,,,,,,,,,,,,,,,,,,,,,,,,,,,,,,,,,,,,,,,,,,,,,,,,,,,,,,,,,,,,,,,,,,,,,,,,,,,,,,,,,,,,,,,,010000000000,,,31191500,,24.99,1,EA,,,in,,in,,in,,lbs,,,https://whidegroup.com/wp-content/uploads/creative-photography-4-large.png,,,,,,,,,,,,,,,,,,,,,,,,,,No,Yes
,,,,,,39529984,Industrial & Commercial,Equipment & Supplies,General Industrial,9A-570-320,9A-570-320,9A-570-320 Abranet 2.75x30,-- Unbranded --,-- No Unilog Brand --,-- No DIB Brand --,Mirka Abrasives Inc (MIRUS),Mirka Abrasives Inc,Mirka Abrasives Inc®,,9A-570-320,,Industrial & Commercial>Equipment & Supplies>General Industrial,"Mirka Abrasives Inc Mirka Abrasives Inc®, 9A-570-320 Abranet 2.75x30, 9A-570-320",MIRKA ABRASIVES INC 9A-570-320 ABRANET 2,9A-570-320 Abranet 2.75x30,9A-570-320 Abranet 2.75x30,,,,,,,,,,,,,,,,,,,,,,,,,,,,9A-570-320 Abranet 2.75x30,,,,,,,,,,,,,,,,,,,,,,,,,,,,,,,,,,,,,,,,,,,,,,,,,,,,,,,,,,,,,,,,,,,,,,,,,,,,,,,,,,,,,,,,,,,,,,,,,,,,,,,,,,,,,,,,,,,,,,,,,,,,,,,,,,,,,,,,,,,,,,,,,,,,,,,010000000000,,,31191500,,24.99,1,EA,,,in,,in,,in,,lbs,,,https://autofxmart.com/cdn/shop/files/mfrmrk_mirka_9a570080.jpg?v=1775967780&width=800,,,,,,,,,,,,,,,,,,,,,,,,,,No,Yes
,,,,,,56128137,Industrial & Commercial,Equipment & Supplies,General Industrial,3157447,3157447,EPOXY 5MIN 25ML SYRINGE,Dayton,-- No Unilog Brand --,-- No DIB Brand --,Dayton Mfg,Dayton Mfg,Dayton Mfg®,,3157447,,Industrial & Commercial>Equipment & Supplies>General Industrial,"Dayton Mfg Dayton Mfg® Professional EPOXY 5MIN 25ML SYRINGE, Model 3157447",DAYTON MFG EPOXY 5MIN 25ML SYRINGE 31574,EPOXY 5MIN 25ML SYRINGE,EPOXY 5MIN 25ML SYRINGE,,,,,,,,,,,,,,,,,,,,,,,,,,,,EPOXY 5MIN 25ML SYRINGE,,,,,,,,,,,,,,,,,,,,,,,,,,,,,,,,,,,,,,,,,,,,,,,,,,,,,,,,,,,,,,,,,,,,,,,,,,,,,,,,,,,,,,,,,,,,,,,,,,,,,,,,,,,,,,,,,,,,,,,,,,,,,,,,,,,,,,,,,,,,,,,,,,,,,,,010000000000,,,31191500,,24.99,1,EA,,,in,,in,,in,,lbs,,,https://api.bdiexpress.com/rest/v2/medias/MFRGWWXXXXXX-1XHV7-AS01-515x515.jpg?context=bWFzdGVyfHJvb3R8NDUyNTh8aW1hZ2UvanBlZ3xhR1k1TDJnNFpDOHhNRFl4T0RRNE16ZzJOelkzT0M5TlJsSkhWMWRZV0ZoWVdGaGZNVmhJVmpkZlFWTXdNVjgxTVRWNE5URTFMbXB3Wnd8ZDQwMjU1Nzk5ZmEwN2YyZmEyMWM4NDcxYmZkYzFjOGQyOTdlNDEwY2I3ZGU5ZTRlNGQxNDNiMTIzZDM0MTlhZQ,,,,,,,,,,,,,,,,,,,,,,,,,,No,Yes
,,,,,,63458572,Industrial & Commercial,Equipment & Supplies,General Industrial,UNK-000473,UNK-000473,asdlkj 234 xx --- item item,-- Unbranded --,-- No Unilog Brand --,-- No DIB Brand --,Unknown Distributor,Unknown Distributor,Unknown Distributor®,,UNK-000473,,Industrial & Commercial>Equipment & Supplies>General Industrial,"Unknown Distributor Unknown Distributor®, asdlkj 234 xx --- item item, UNK-00047",UNKNOWN DISTRIBUTOR ASDLKJ 234 XX --- IT,asdlkj 234 xx --- item item,asdlkj 234 xx --- item item,,,,,,,,,,,,,,,,,,,,,,,,,,,,asdlkj 234 xx --- item item,,,,,,,,,,,,,,,,,,,,,,,,,,,,,,,,,,,,,,,,,,,,,,,,,,,,,,,,,,,,,,,,,,,,,,,,,,,,,,,,,,,,,,,,,,,,,,,,,,,,,,,,,,,,,,,,,,,,,,,,,,,,,,,,,,,,,,,,,,,,,,,,,,,,,,,010000000000,,,31191500,,24.99,1,EA,,,in,,in,,in,,lbs,,,https://specialtyproducts.co/wp-content/uploads/2022/09/3063BK.jpg,,,,,,,,,,,,,,,,,,,,,,,,,,No,Yes
,,,,,,46483250,Tools & Hardware,Abrasives & Sanding,Sanding Belts & Discs,DBD090094101F,DBD090094101F,"DBD090094101F Diablo 9"" - Metal Cut-Off Disc",-- Unbranded --,-- No Unilog Brand --,-- No DIB Brand --,Freud Inc (2435),Freud Inc,Diablo®,,DBD090094101F,,Tools & Hardware>Abrasives & Sanding>Sanding Belts & Discs,"Freud Inc Diablo®, DBD090094101F Diablo 9"" - Metal Cut-Off Disc, DBD090094101F","DIABLO DBD090094101F DIABLO 9"" - METAL C","DBD090094101F Diablo 9"" - Metal Cut-Off Disc","DBD090094101F Diablo 9"" - Metal Cut-Off Disc",,,,,,,,,,,,,,,,,,,,,,,,,,,,"DBD090094101F Diablo 9"" - Metal Cut-Off Disc",,,,,,,,,,,,,,,,,,,,,,,,,,,,,,,,,,,,,,,,,,,,,,,,,,,,,,,,,,,,,,,,,,,,,,,,,,,,,,,,,,,,,,,,,,,,,,,,,,,,,,,,,,,,,,,,,,,,,,,,,,,,,,,,,,,,,,,,,,,,,,,,,,,,,,,010000000000,,,31191500,,24.99,1,EA,,,in,,in,,in,,lbs,,,https://www.toolnut.com/cdn/shop/files/DBD090094101F_Main-Image_4a8ae630-fca9-413e-a59e-6cbfdf8f9423.jpg?v=1778159805&width=1240,,,,,,,,,,,,,,,,,,,,,,,,,,No,Yes
,,,,,,32568095,Tools & Hardware,Abrasives & Sanding,Sanding Belts & Discs,9S82512,9S82512,DISC  SAND  HOOK-LOOP  5/16IN  120G,3M CO,-- No Unilog Brand --,3-M,3M Company,3M Company,3M Company®,,9S82512,,Tools & Hardware>Abrasives & Sanding>Sanding Belts & Discs,"3M Company 3M Company®, DISC  SAND  HOOK-LOOP  5/16IN  120G, 9S82512",3M COMPANY DISC  SAND  HOOK-LOOP  5/16IN,DISC  SAND  HOOK-LOOP  5/16IN  120G,DISC  SAND  HOOK-LOOP  5/16IN  120G,,,,,,,,,,,,,,,,,,,,,,,,,,,,DISC  SAND  HOOK-LOOP  5/16IN  120G,,,,,,,,,,,,,,,,,,,,,,,,,,,,,,,,,,,,,,,,,,,,,,,,,,,,,,,,,,,,,,,,,,,,,,,,,,,,,,,,,,,,,,,,,,,,,,,,,,,,,,,,,,,,,,,,,,,,,,,,,,,,,,,,,,,,,,,,,,,,,,,,,,,,,,,010000000000,,,31191500,,24.99,1,EA,,,in,,in,,in,,lbs,,,https://www.webersupply.com/_user/images/partners/3M/3MCategories.jpg,,,,,,,,,,,,,,,,,,,,,,,,,,No,Yes
,,,,,,26114047,Industrial & Commercial,Equipment & Supplies,General Industrial,UNK-000474,UNK-000474,Assorted parts lot - mixed hardware,-- Unbranded --,-- No Unilog Brand --,-- No DIB Brand --,Jam Industrial Supply LLC (JAMIN),Jam Industrial Supply LLC,Jam Industrial Supply LLC®,,UNK-000474,,Industrial & Commercial>Equipment & Supplies>General Industrial,"Jam Industrial Supply LLC Jam Industrial Supply LLC®, Assorted parts lot - mixed",JAM INDUSTRIAL SUPPLY LLC ASSORTED PARTS,Assorted parts lot - mixed hardware,Assorted parts lot - mixed hardware,,,,,,,,,,,,,,,,,,,,,,,,,,,,Assorted parts lot - mixed hardware,,,,,,,,,,,,,,,,,,,,,,,,,,,,,,,,,,,,,,,,,,,,,,,,,,,,,,,,,,,,,,,,,,,,,,,,,,,,,,,,,,,,,,,,,,,,,,,,,,,,,,,,,,,,,,,,,,,,,,,,,,,,,,,,,,,,,,,,,,,,,,,,,,,,,,,010000000000,,,31191500,,24.99,1,EA,,,in,,in,,in,,lbs,,,https://www.jamindustrialsupply.com/wp-content/uploads/2019/11/jp-majors-jam-industrial-supply-300x242.jpg,,,,,,,,,,,,,,,,,,,,,,,,,,No,Yes
,,,,,,63569575,Tools & Hardware,Abrasives & Sanding,Sanding Belts & Discs,DBDS12125A01F,DBDS12125A01F,"DBDS12125A01F Diablo 12"" - Steel Demon Metal Cut-Off Disc",-- Unbranded --,-- No Unilog Brand --,-- No DIB Brand --,Freud Inc (2435),Freud Inc,Diablo®,,DBDS12125A01F,,Tools & Hardware>Abrasives & Sanding>Sanding Belts & Discs,"Freud Inc Diablo®, DBDS12125A01F Diablo 12"" - Steel Demon Metal Cut-Off Disc, DB","DIABLO DBDS12125A01F DIABLO 12"" - STEEL","DBDS12125A01F Diablo 12"" - Steel Demon Metal Cut-Off Disc","DBDS12125A01F Diablo 12"" - Steel Demon Metal Cut-Off Disc",,,,,,,,,,,,,,,,,,,,,,,,,,,,"DBDS12125A01F Diablo 12"" - Steel Demon Metal Cut-Off Disc",,,,,,,,,,,,,,,,,,,,,,,,,,,,,,,,,,,,,,,,,,,,,,,,,,,,,,,,,,,,,,,,,,,,,,,,,,,,,,,,,,,,,,,,,,,,,,,,,,,,,,,,,,,,,,,,,,,,,,,,,,,,,,,,,,,,,,,,,,,,,,,,,,,,,,,010000000000,,,31191500,,24.99,1,EA,,,in,,in,,in,,lbs,,,http://primesourceus.com/cdn/shop/files/ahhnzpmmuleyaj6dbo4m.png?v=1756299638,,,,,,,,,,,,,,,,,,,,,,,,,,No,Yes
,,,,,,38921923,Industrial & Commercial,Equipment & Supplies,General Industrial,8G91959,8G91959,threadlock blue 10ml,-- Unbranded --,-- No Unilog Brand --,-- No DIB Brand --,Schneider Electric,Schneider Electric,Schneider Electric®,,8G91959,,Industrial & Commercial>Equipment & Supplies>General Industrial,"Schneider Electric Schneider Electric®, threadlock blue 10ml, 8G91959",SCHNEIDER ELECTRIC THREADLOCK BLUE 10ML,threadlock blue 10ml,threadlock blue 10ml,,,,,,,,,,,,,,,,,,,,,,,,,,,,threadlock blue 10ml,,,,,,,,,,,,,,,,,,,,,,,,,,,,,,,,,,,,,,,,,,,,,,,,,,,,,,,,,,,,,,,,,,,,,,,,,,,,,,,,,,,,,,,,,,,,,,,,,,,,,,,,,,,,,,,,,,,,,,,,,,,,,,,,,,,,,,,,,,,,,,,,,,,,,,,010000000000,,,31191500,,24.99,1,EA,,,in,,in,,in,,lbs,,,https://cdn1.npcdn.net/userfiles/19018/image/Schneider.jpg,,,,,,,,,,,,,,,,,,,,,,,,,,No,Yes
,,,,,,35735613,Industrial & Commercial,Equipment & Supplies,General Industrial,UNK-000475,UNK-000475,472019,-- Unbranded --,-- No Unilog Brand --,-- No DIB Brand --,,Industrial Manufacturer,Industrial Brand,,UNK-000475,,Industrial & Commercial>Equipment & Supplies>General Industrial,"Industrial Manufacturer Industrial Brand, 472019, UNK-000475",INDUSTRIAL BRAND 472019 UNK-000475,472019,472019,,,,,,,,,,,,,,,,,,,,,,,,,,,,472019,,,,,,,,,,,,,,,,,,,,,,,,,,,,,,,,,,,,,,,,,,,,,,,,,,,,,,,,,,,,,,,,,,,,,,,,,,,,,,,,,,,,,,,,,,,,,,,,,,,,,,,,,,,,,,,,,,,,,,,,,,,,,,,,,,,,,,,,,,,,,,,,,,,,,,,010000000000,,,31191500,,24.99,1,EA,,,in,,in,,in,,lbs,,,https://8f08a8-ss.akinoncloudcdn.com/products/2026/05/20/76680178/349f6daa-91cd-4671-bcbc-4b0055eaa047.jpg,,,,,,,,,,,,,,,,,,,,,,,,,,No,Yes
,,,,,,45714238,Tools & Hardware,Abrasives & Sanding,Sanding Belts & Discs,DBDS12125G01F,DBDS12125G01F,"DBDS12125G01F Diablo 12""x20mm - Speed Demon Metal Cut-Off Disc",-- Unbranded --,-- No Unilog Brand --,-- No DIB Brand --,Freud Inc (2435),Freud Inc,Diablo®,,DBDS12125G01F,,Tools & Hardware>Abrasives & Sanding>Sanding Belts & Discs,"Freud Inc Diablo®, DBDS12125G01F Diablo 12""x20mm - Speed Demon Metal Cut-Off Dis","DIABLO DBDS12125G01F DIABLO 12""X20MM - S","DBDS12125G01F Diablo 12""x20mm - Speed Demon Metal Cut-Off Disc","DBDS12125G01F Diablo 12""x20mm - Speed Demon Metal Cut-Off Disc",,,,,,,,,,,,,,,,,,,,,,,,,,,,"DBDS12125G01F Diablo 12""x20mm - Speed Demon Metal Cut-Off Disc",,,,,,,,,,,,,,,,,,,,,,,,,,,,,,,,,,,,,,,,,,,,,,,,,,,,,,,,,,,,,,,,,,,,,,,,,,,,,,,,,,,,,,,,,,,,,,,,,,,,,,,,,,,,,,,,,,,,,,,,,,,,,,,,,,,,,,,,,,,,,,,,,,,,,,,010000000000,,,31191500,,24.99,1,EA,,,in,,in,,in,,lbs,,,https://primesourceus.com/cdn/shop/files/urpbmeppen7qyiggd0yc.png?v=1756299640,,,,,,,,,,,,,,,,,,,,,,,,,,No,Yes
,,,,,,80387992,Industrial & Commercial,Equipment & Supplies,General Industrial,VR1949,VR1949,bracket shelf l-type 6in,Grainger,-- No Unilog Brand --,Grainger Industrial Supply,,Industrial Manufacturer,Industrial Brand,,VR1949,,Industrial & Commercial>Equipment & Supplies>General Industrial,"Industrial Manufacturer Industrial Brand, bracket shelf l-type 6in, VR1949",INDUSTRIAL BRAND BRACKET SHELF L-TYPE 6I,bracket shelf l-type 6in,bracket shelf l-type 6in,,,,,,,,,,,,,,,,,,,,,,,,,,,,bracket shelf l-type 6in,,,,,,,,,,,,,,,,,,,,,,,,,,,,,,,,,,,,,,,,,,,,,,,,,,,,,,,,,,,,,,,,,,,,,,,,,,,,,,,,,,,,,,,,,,,,,,,,,,,,,,,,,,,,,,,,,,,,,,,,,,,,,,,,,,,,,,,,,,,,,,,,,,,,,,,010000000000,,,31191500,,24.99,1,EA,,,in,,in,,in,,lbs,,,https://www.atcc.org/-/media/product-assets/images/micrographs/virology/vr-1949-images.jpg?rev=7322595545934c87ad9250691a2b4011,,,,,,,,,,,,,,,,,,,,,,,,,,No,Yes
,,,,,,63195666,Tools & Hardware,Abrasives & Sanding,Sanding Belts & Discs,DBD100094101F,DBD100094101F,"DBD100094101F Diablo 10"" - Metal Cut-Off Disc",-- Unbranded --,-- No Unilog Brand --,-- No DIB Brand --,,Freud Inc,Diablo®,,DBD100094101F,,Tools & Hardware>Abrasives & Sanding>Sanding Belts & Discs,"Freud Inc Diablo®, DBD100094101F Diablo 10"" - Metal Cut-Off Disc, DBD100094101F","DIABLO DBD100094101F DIABLO 10"" - METAL","DBD100094101F Diablo 10"" - Metal Cut-Off Disc","DBD100094101F Diablo 10"" - Metal Cut-Off Disc",,,,,,,,,,,,,,,,,,,,,,,,,,,,"DBD100094101F Diablo 10"" - Metal Cut-Off Disc",,,,,,,,,,,,,,,,,,,,,,,,,,,,,,,,,,,,,,,,,,,,,,,,,,,,,,,,,,,,,,,,,,,,,,,,,,,,,,,,,,,,,,,,,,,,,,,,,,,,,,,,,,,,,,,,,,,,,,,,,,,,,,,,,,,,,,,,,,,,,,,,,,,,,,,010000000000,,,31191500,,24.99,1,EA,,,in,,in,,in,,lbs,,,https://whidegroup.com/wp-content/uploads/creative-photography-4-large.png,,,,,,,,,,,,,,,,,,,,,,,,,,No,Yes
,,,,,,52174477,Industrial & Commercial,Equipment & Supplies,General Industrial,3P80686,3P80686,trap adapter pvc 2in,ULINE SHIPPING,-- No Unilog Brand --,-- No DIB Brand --,Uline,Uline,Uline®,,3P80686,,Industrial & Commercial>Equipment & Supplies>General Industrial,"Uline Uline® Professional trap adapter pvc 2in, Model 3P80686",ULINE TRAP ADAPTER PVC 2IN 3P80686,trap adapter pvc 2in,trap adapter pvc 2in,,,,,,,,,,,,,,,,,,,,,,,,,,,,trap adapter pvc 2in,,,,,,,,,,,,,,,,,,,,,,,,,,,,,,,,,,,,,,,,,,,,,,,,,,,,,,,,,,,,,,,,,,,,,,,,,,,,,,,,,,,,,,,,,,,,,,,,,,,,,,,,,,,,,,,,,,,,,,,,,,,,,,,,,,,,,,,,,,,,,,,,,,,,,,,010000000000,,,31191500,,24.99,1,EA,,,in,,in,,in,,lbs,,,"https://img.uline.com/is/image/uline/Request_a_Catalog_Cover_SS_23?&wid=750&hei=750&qlt=75&op_usm=1,1,1",,,,,,,,,,,,,,,,,,,,,,,,,,No,Yes
,,,,,,63717572,Tools & Hardware,Abrasives & Sanding,Sanding Belts & Discs,CONF-001,CONF-001,"Cubitron II Sanding Disc P100, 5 inch",Norton,-- No Unilog Brand --,-- No DIB Brand --,3M Company (3MCO),3M Company,3M Company®,,CONF-001,,Tools & Hardware>Abrasives & Sanding>Sanding Belts & Discs,"3M Company 3M Company®, Cubitron II Sanding Disc P100, 5 inch, CONF-001",3M COMPANY CUBITRON II SANDING DISC P100,"Cubitron II Sanding Disc P100, 5 inch","Cubitron II Sanding Disc P100, 5 inch",,,,,,,,,,,,,,,,,,,,,,,,,,,,"Cubitron II Sanding Disc P100, 5 inch",,,,,,,,,,,,,,,,,,,,,,,,,,,,,,,,,,,,,,,,,,,,,,,,,,,,,,,,,,,,,,,,,,,,,,,,,,,,,,,,,,,,,,,,,,,,,,,,,,,,,,,,,,,,,,,,,,,,,,,,,,,,,,,,,,,,,,,,,,,,,,,,,,,,,,,010000000000,,,31191500,,24.99,1,EA,,,in,,in,,in,,lbs,,,https://miro.medium.com/v2/resize:fit:1358/1*OvSLf4LflQLB14lrtD7mFA.png,,,,,,,,,,,,,,,,,,,,,,,,,,No,Yes
,,,,,,58326213,Industrial & Commercial,Equipment & Supplies,General Industrial,QAE1964,QAE1964,Hammer Claw 16Oz Fbrgl Hdl,DAYTON ELECTRIC,Dayton,-- No DIB Brand --,,Industrial Manufacturer,Industrial Brand,,QAE1964,,Industrial & Commercial>Equipment & Supplies>General Industrial,"Industrial Manufacturer Industrial Brand, Hammer Claw 16Oz Fbrgl Hdl, QAE1964",INDUSTRIAL BRAND HAMMER CLAW 16OZ FBRGL,Hammer Claw 16Oz Fbrgl Hdl,Hammer Claw 16Oz Fbrgl Hdl,,,,,,,,,,,,,,,,,,,,,,,,,,,,Hammer Claw 16Oz Fbrgl Hdl,,,,,,,,,,,,,,,,,,,,,,,,,,,,,,,,,,,,,,,,,,,,,,,,,,,,,,,,,,,,,,,,,,,,,,,,,,,,,,,,,,,,,,,,,,,,,,,,,,,,,,,,,,,,,,,,,,,,,,,,,,,,,,,,,,,,,,,,,,,,,,,,,,,,,,,010000000000,,,31191500,,24.99,1,EA,,,in,,in,,in,,lbs,,,https://dmcgas.com/wp-content/uploads/2026/01/QA25.jpg,,,,,,,,,https://www.scribd.com/document/723587482/AEQE-MAA-64T64R-192AE-n78-200W-Datasheet,,,,,,,,,,,,,,,,,No,Yes
,,,,,,29425847,Tools & Hardware,Abrasives & Sanding,Sanding Belts & Discs,DCB520ASTS08G-P120,DCB520ASTS08G-P120,"DCB520ASTS08G-P120 Diablo 1/2""x24"" - Sanding Belt 8pc P120 Grit",-- Unbranded --,-- No Unilog Brand --,-- No DIB Brand --,Freud Inc (2435),Freud Inc,Diablo®,,DCB520ASTS08G-P120,,Tools & Hardware>Abrasives & Sanding>Sanding Belts & Discs,"Freud Inc Diablo®, DCB520ASTS08G-P120 Diablo 1/2""x24"" - Sanding Belt 8pc P120 Gr","DIABLO DCB520ASTS08G-P120 DIABLO 1/2""X24","DCB520ASTS08G-P120 Diablo 1/2""x24"" - Sanding Belt 8pc P120 Grit","DCB520ASTS08G-P120 Diablo 1/2""x24"" - Sanding Belt 8pc P120 Grit",,,,,,,,,,,,,,,,,,,,,,,,,,,,"DCB520ASTS08G-P120 Diablo 1/2""x24"" - Sanding Belt 8pc P120 Grit",,,,,,,,,,,,,,,,,,,,,,,,,,,,,,,,,,,,,,,,,,,,,,,,,,,,,,,,,,,,,,,,,,,,,,,,,,,,,,,,,,,,,,,,,,,,,,,,,,,,,,,,,,,,,,,,,,,,,,,,,,,,,,,,,,,,,,,,,,,,,,,,,,,,,,,010000000000,,,31191500,,24.99,1,EA,,,in,,in,,in,,lbs,,,http://www.toolnut.com/cdn/shop/files/freud-lu1c04.jpg?v=1740512709,,,,,,,,,https://www.freudtools.com/downloads/,,,,,,,,,,,,,,,,,No,Yes
https://diablotools.com/products/DBDS14125A01F,,,,,,71773906,Tools & Hardware,Abrasives & Sanding,Sanding Belts & Discs,DBDS14125A01F,DBDS14125A01F,"DBDS14125A01F Diablo 14""x1"" - Steel Demon Metal Cut-Off Disc",-- Unbranded --,-- No Unilog Brand --,-- No DIB Brand --,Freud Inc (2435),Freud Inc,Diablo®,,DBDS14125A01F,,Tools & Hardware>Abrasives & Sanding>Sanding Belts & Discs,"Freud Inc Diablo®, DBDS14125A01F Diablo 14""x1"" - Steel Demon Metal Cut-Off Disc,","DIABLO DBDS14125A01F DIABLO 14""X1"" - STE","DBDS14125A01F Diablo 14""x1"" - Steel Demon Metal Cut-Off Disc","DBDS14125A01F Diablo 14""x1"" - Steel Demon Metal Cut-Off Disc",,,,,,,,,,,,,,,,,,,,,,,,,,,,"DBDS14125A01F Diablo 14""x1"" - Steel Demon Metal Cut-Off Disc",,,,,,,,,,,,,,,,,,,,,,,,,,,,,,,,,,,,,,,,,,,,,,,,,,,,,,,,,,,,,,,,,,,,,,,,,,,,,,,,,,,,,,,,,,,,,,,,,,,,,,,,,,,,,,,,,,,,,,,,,,,,,,,,,,,,,,,,,,,,,,,,,,,,,,,010000000000,,,31191500,,24.99,1,EA,,,in,,in,,in,,lbs,,,https://primesourceus.com/cdn/shop/files/fl6k8e3vlqj1sfigkzme_349410ac-8e41-458b-9af4-58adcf497a46.png?v=1756299642,,,,,,,,,https://cdn.barcodesinc.com/themes/barcodesinc/pdf/Intermec/2435.pdf,,,,,,,,,,,,,,,,,No,Yes
,,,,,,53793132,Plumbing & Hydraulics,"Pipes, Valves & Fittings",Pipe Couplings & Valves,IND-PUMP-XT450,IND-PUMP-XT450,"XT450 Industrial Centrifugal Pump - Flow Rate 45 m3/h, Head 32m, 5.5kW Motor, Cast Iron Housing, IP55, 380-415V 3-Phase, Max Temp 90C, Inlet 65mm, Outlet 50mm",Xylem,-- No Unilog Brand --,-- No DIB Brand --,Xylem Water Solutions (XYLM),Xylem Water Solutions,Xylem Water Solutions®,,IND-PUMP-XT450,,"Plumbing & Hydraulics>Pipes, Valves & Fittings>Pipe Couplings & Valves","Xylem Water Solutions Xylem Water Solutions®, XT450 Industrial Centrifugal Pump",XYLEM WATER SOLUTIONS XT450 INDUSTRIAL C,"XT450 Industrial Centrifugal Pump - Flow Rate 45 m3/h, Head 32m, 5.5kW Motor, Cast Iron Housing, IP55, 380-415V 3-Phase, Max Temp 90C, Inlet 65mm, Outlet 50mm","XT450 Industrial Centrifugal Pump - Flow Rate 45 m3/h, Head 32m, 5.5kW Motor, Cast Iron Housing, IP55, 380-415V 3-Phase, Max Temp 90C, Inlet 65mm, Outlet 50mm",,,,,,,,,,,,,,,,,,,,,,,,,,,,"XT450 Industrial Centrifugal Pump - Flow Rate 45 m3/h, Head 32m, 5.5kW Motor, Cast Iron Housing, IP55, 380-415V 3-Phase, Max Temp 90C, Inlet 65mm, Outlet 50mm",,,,,,,,,,,,,,,,,,,,,,,,,,,,,,,,,,,,,,,,,,,,,,,,,,,,,,,,,,,,,,,,,,,,,,,,,,,,,,,,,,,,,,,,,,,,,,,,,,,,,,,,,,,,,,,,,,,,,,,,,,,,,,,,,,,,,,,,,,,,,,,,,,,,,,,010000000000,,,31191500,,24.99,1,EA,,,in,,in,,in,,lbs,,,https://i0.wp.com/front-line.co.th/wp-content/uploads/2022/12/e-MP.png?w=1200&ssl=1,,,,,,,,,,,,,,,,,,,,,,,,,,No,Yes
,,,,,,20139252,Industrial & Commercial,Equipment & Supplies,General Industrial,62N22363,62N22363,REFRIG R410A 25LB CYL,nan,Klein Tools,-- No DIB Brand --,,Industrial Manufacturer,Industrial Brand,,62N22363,,Industrial & Commercial>Equipment & Supplies>General Industrial,"Industrial Manufacturer Industrial Brand, REFRIG R410A 25LB CYL, 62N22363",INDUSTRIAL BRAND REFRIG R410A 25LB CYL 6,REFRIG R410A 25LB CYL,REFRIG R410A 25LB CYL,,,,,,,,,,,,,,,,,,,,,,,,,,,,REFRIG R410A 25LB CYL,,,,,,,,,,,,,,,,,,,,,,,,,,,,,,,,,,,,,,,,,,,,,,,,,,,,,,,,,,,,,,,,,,,,,,,,,,,,,,,,,,,,,,,,,,,,,,,,,,,,,,,,,,,,,,,,,,,,,,,,,,,,,,,,,,,,,,,,,,,,,,,,,,,,,,,010000000000,,,31191500,,24.99,1,EA,,,in,,in,,in,,lbs,,,https://www.barataaviation.com.br/cdn/shop/files/928340-4.jpg?v=1761464960&width=1445,,,,,,,,,https://aeroval.com/ref/282040/622-2363-001/,,,,,,,,,,,,,,,,,No,Yes
https://diablotools.com/products/DBDS14125G01F,,,,,,61802426,Tools & Hardware,Abrasives & Sanding,Sanding Belts & Discs,DBDS14125G01F,DBDS14125G01F,"DBDS14125G01F Diablo 14""x20mm - Steel Demon Metal Cut-Off Disc",-- Unbranded --,-- No Unilog Brand --,-- No DIB Brand --,Freud Inc (2435),Freud Inc,Diablo®,,DBDS14125G01F,,Tools & Hardware>Abrasives & Sanding>Sanding Belts & Discs,"Freud Inc Diablo®, DBDS14125G01F Diablo 14""x20mm - Steel Demon Metal Cut-Off Dis","DIABLO DBDS14125G01F DIABLO 14""X20MM - S","DBDS14125G01F Diablo 14""x20mm - Steel Demon Metal Cut-Off Disc","DBDS14125G01F Diablo 14""x20mm - Steel Demon Metal Cut-Off Disc",,,,,,,,,,,,,,,,,,,,,,,,,,,,"DBDS14125G01F Diablo 14""x20mm - Steel Demon Metal Cut-Off Disc",,,,,,,,,,,,,,,,,,,,,,,,,,,,,,,,,,,,,,,,,,,,,,,,,,,,,,,,,,,,,,,,,,,,,,,,,,,,,,,,,,,,,,,,,,,,,,,,,,,,,,,,,,,,,,,,,,,,,,,,,,,,,,,,,,,,,,,,,,,,,,,,,,,,,,,010000000000,,,31191500,,24.99,1,EA,,,in,,in,,in,,lbs,,,https://www.bitsdrill.com/wp-content/uploads/2026/3/1773692873/diablo-dbds14125g01f-14-in-20mm-steel-demon-high-speed-metal-cut-off-disc-1773692877.webp,,,,,,,,,https://cdn.barcodesinc.com/themes/barcodesinc/pdf/Intermec/2435.pdf,,,,,,,,,,,,,,,,,No,Yes
,,,,,,59010712,Industrial & Commercial,Equipment & Supplies,General Industrial,4J65296,4J65296,WIRE BRUSH CUP 3/4IN CRS,Timken,Timken Co,-- No DIB Brand --,,Industrial Manufacturer,Industrial Brand,,4J65296,,Industrial & Commercial>Equipment & Supplies>General Industrial,"Industrial Manufacturer Industrial Brand, WIRE BRUSH CUP 3/4IN CRS, 4J65296",INDUSTRIAL BRAND WIRE BRUSH CUP 3/4IN CR,WIRE BRUSH CUP 3/4IN CRS,WIRE BRUSH CUP 3/4IN CRS,,,,,,,,,,,,,,,,,,,,,,,,,,,,WIRE BRUSH CUP 3/4IN CRS,,,,,,,,,,,,,,,,,,,,,,,,,,,,,,,,,,,,,,,,,,,,,,,,,,,,,,,,,,,,,,,,,,,,,,,,,,,,,,,,,,,,,,,,,,,,,,,,,,,,,,,,,,,,,,,,,,,,,,,,,,,,,,,,,,,,,,,,,,,,,,,,,,,,,,,010000000000,,,31191500,,24.99,1,EA,,,in,,in,,in,,lbs,,,https://toprisesafety.com/wp-content/uploads/2025/05/fiberglass-products-customization--1024x1024.png,,,,,,,,,https://catalog.belden.com/techdata/EN/DataConnectCAT6Jacks_techdata.pdf,,,,,,,,,,,,,,,,,No,Yes
https://www.nainc.org/product/mirka-abranet-2-3-4-in-x-10-yd-400g-mesh-grip-roll/,,,,,,79407875,Tools & Hardware,Abrasives & Sanding,Sanding Belts & Discs,9A-570-400,9A-570-400,9A-570-400 Abranet 2.75x30 Mesh Sanding Strip P400,-- Unbranded --,-- No Unilog Brand --,-- No DIB Brand --,Mirka Abrasives Inc (MIRUS),Mirka Abrasives Inc,Mirka Abrasives Inc®,,9A-570-400,,Tools & Hardware>Abrasives & Sanding>Sanding Belts & Discs,"Mirka Abrasives Inc Mirka Abrasives Inc®, 9A-570-400 Abranet 2.75x30 Mesh Sandin",MIRKA ABRASIVES INC 9A-570-400 ABRANET 2,9A-570-400 Abranet 2.75x30 Mesh Sanding Strip P400,9A-570-400 Abranet 2.75x30 Mesh Sanding Strip P400,,,,,,,,,,,,,,,,,,,,,,,,,,,,9A-570-400 Abranet 2.75x30 Mesh Sanding Strip P400,,,,,,,,,,,,,,,,,,,,,,,,,,,,,,,,,,,,,,,,,,,,,,,,,,,,,,,,,,,,,,,,,,,,,,,,,,,,,,,,,,,,,,,,,,,,,,,,,,,,,,,,,,,,,,,,,,,,,,,,,,,,,,,,,,,,,,,,,,,,,,,,,,,,,,,010000000000,,,31191500,,24.99,1,EA,,,in,,in,,in,,lbs,,,https://i5.walmartimages.com/asr/b6636c7c-e372-46ba-9bb2-03dcfa429e59.5e77c62dbc91deaccd69b72cf09954bf.jpeg,,,,,,,,,https://static.charlesmcmurray.com/publications/vendor/PDF/2025%20Mirka%20Product%20Catalog.pdf,,,,,,,,,,,,,,,,,No,Yes
,,,,,,21209576,Tools & Hardware,Abrasives & Sanding,Sanding Belts & Discs,49-94-0013,49-94-0013,"49-94-0013 Milw 5""x.045""x7/8"" Metal Cut Off Disc",-- Unbranded --,-- No Unilog Brand --,-- No DIB Brand --,Milwaukee Accessory (4031),Milwaukee Accessory,Milwaukee Accessory®,,49-94-0013,,Tools & Hardware>Abrasives & Sanding>Sanding Belts & Discs,"Milwaukee Accessory Milwaukee Accessory®, 49-94-0013 Milw 5""x.045""x7/8"" Metal Cu","MILWAUKEE ACCESSORY 49-94-0013 MILW 5""X.","49-94-0013 Milw 5""x.045""x7/8"" Metal Cut Off Disc","49-94-0013 Milw 5""x.045""x7/8"" Metal Cut Off Disc",,,,,,,,,,,,,,,,,,,,,,,,,,,,"49-94-0013 Milw 5""x.045""x7/8"" Metal Cut Off Disc",,,,,,,,,,,,,,,,,,,,,,,,,,,,,,,,,,,,,,,,,,,,,,,,,,,,,,,,,,,,,,,,,,,,,,,,,,,,,,,,,,,,,,,,,,,,,,,,,,,,,,,,,,,,,,,,,,,,,,,,,,,,,,,,,,,,,,,,,,,,,,,,,,,,,,,010000000000,,,31191500,,24.99,1,EA,,,in,,in,,in,,lbs,,,https://fwwebbimage.fwwebb.com/WO/Base/1295251.jpg,,,,,,,,,https://susacdn.azureedge.net/specsheets/Milwaukee/49-94-0003.pdf,,,,,,,,,,,,,,,,,No,Yes
,,,,,,79841703,Industrial & Commercial,Equipment & Supplies,General Industrial,1D31579,1D31579,RECEPT DUPLEX 15A 125V TR,3M ELEC DIV,-- No Unilog Brand --,-- No DIB Brand --,3M Electrical,3M Electrical,3M Electrical®,,1D31579,,Industrial & Commercial>Equipment & Supplies>General Industrial,"3M Electrical 3M Electrical®, RECEPT DUPLEX 15A 125V TR, 1D31579",3M ELECTRICAL RECEPT DUPLEX 15A 125V TR,RECEPT DUPLEX 15A 125V TR,RECEPT DUPLEX 15A 125V TR,,,,,,,,,,,,,,,,,,,,,,,,,,,,RECEPT DUPLEX 15A 125V TR,,,,,,,,,,,,,,,,,,,,,,,,,,,,,,,,,,,,,,,,,,,,,,,,,,,,,,,,,,,,,,,,,,,,,,,,,,,,,,,,,,,,,,,,,,,,,,,,,,,,,,,,,,,,,,,,,,,,,,,,,,,,,,,,,,,,,,,,,,,,,,,,,,,,,,,010000000000,,,31191500,,24.99,1,EA,,,in,,in,,in,,lbs,,,https://imgv2-1-f.scribdassets.com/img/document/956964206/original/14553cc1f5/1?v=1,,,,,,,,,,,,,,,,,,,,,,,,,,No,Yes
